{"cameraMode":{"drawMode":0,"name":"Shaded","section":"Shading Mode"},"sceneLighting":true,"audioPlay":false,"sceneViewState":{"showFog":true,"showMaterialUpdate":false,"showSkybox":true,"showFlares":true,"showImageEffects":true,"showParticleSystems":true},"in2DMode":false,"pivot":{"x":2.7613537311553957,"y":0.8355885148048401,"z":35.68939971923828},"rotation":{"x":0.008687584660947323,"y":-0.02639828622341156,"z":-0.00023052374308463186,"w":-0.9996245503425598},"size":14.542074203491211,"orthographic":true}