{"cameraMode":{"drawMode":0,"name":"Shaded","section":"Shading Mode"},"sceneLighting":true,"audioPlay":false,"sceneViewState":{"showFog":true,"showMaterialUpdate":false,"showSkybox":true,"showFlares":true,"showImageEffects":true,"showParticleSystems":true},"in2DMode":false,"pivot":{"x":10.404764175415039,"y":4.089227676391602,"z":10.848823547363282},"rotation":{"x":-0.10108282417058945,"y":0.3839557468891144,"z":-0.04233226925134659,"w":-0.9168254137039185},"size":26.724817276000978,"orthographic":false}