{"cameraMode":{"drawMode":0,"name":"Shaded","section":"Shading Mode"},"sceneLighting":true,"audioPlay":false,"sceneViewState":{"showFog":true,"showMaterialUpdate":false,"showSkybox":true,"showFlares":true,"showImageEffects":true,"showParticleSystems":true},"in2DMode":false,"pivot":{"x":-5.555732727050781,"y":-12.442363739013672,"z":39.539852142333987},"rotation":{"x":-0.32629328966140749,"y":0.3460802733898163,"z":-0.12979750335216523,"w":-0.870013952255249},"size":74.86915588378906,"orthographic":false}