{"cameraMode":{"drawMode":0,"name":"Shaded","section":"Shading Mode"},"sceneLighting":false,"audioPlay":false,"sceneViewState":{"showFog":true,"showMaterialUpdate":false,"showSkybox":false,"showFlares":true,"showImageEffects":true,"showParticleSystems":true},"in2DMode":false,"pivot":{"x":1140.4283447265625,"y":930.6767578125,"z":-95.04522705078125},"rotation":{"x":-0.21116240322589875,"y":0.06942824274301529,"z":-0.015039781108498574,"w":-0.9748733639717102},"size":458.4330749511719,"orthographic":false}